Workbook

Sheet Import TourFuchs
A1: Kd-Nr. | B1: Kundenname | C1: PLZ | D1: Promotor 1 | E1: Promotor 1 TPE-Thema | F1: Promotor 2 | G1: Promotor 2 TPE-Thema | H1: Promotor 3 | I1: Promotor 3 TPE-Thema | J1: Promotor 4 | K1: Promotor 4 TPE-Thema | L1: Promotor 5 | M1: Promotor 5 TPE-Thema | N1: Promotor 6 | O1: Promotor 6 TPE-Thema
A2: K-1001 | B2: Muster Maschinenbau GmbH | C2: 47051 | D2: =IF($C2="","",IFERROR(INDEX(Promotoren!$B$1:$B$1000,MATCH(LEFT(TEXT($C2,"00000"),3)&"#1",Promotoren!$F$1:$F$1000,0))&"","")) -> Eva Ost | E2: =IF($C2="","",IFERROR(INDEX(Promotoren!$C$1:$C$1000,MATCH(LEFT(TEXT($C2,"00000"),3)&"#1",Promotoren!$F$1:$F$1000,0))&"","")) -> TPE Antriebe | F2: =IF($C2="","",IFERROR(INDEX(Promotoren!$B$1:$B$1000,MATCH(LEFT(TEXT($C2,"00000"),3)&"#2",Promotoren!$F$1:$F$1000,0))&"","")) -> Jan Nord | G2: =IF($C2="","",IFERROR(INDEX(Promotoren!$C$1:$C$1000,MATCH(LEFT(TEXT($C2,"00000"),3)&"#2",Promotoren!$F$1:$F$1000,0))&"","")) -> TPE Automatisierung | H2: =IF($C2="","",IFERROR(INDEX(Promotoren!$B$1:$B$1000,MATCH(LEFT(TEXT($C2,"00000"),3)&"#3",Promotoren!$F$1:$F$1000,0))&"","")) | I2: =IF($C2="","",IFERROR(INDEX(Promotoren!$C$1:$C$1000,MATCH(LEFT(TEXT($C2,"00000"),3)&"#3",Promotoren!$F$1:$F$1000,0))&"","")) | J2: =IF($C2="","",IFERROR(INDEX(Promotoren!$B$1:$B$1000,MATCH(LEFT(TEXT($C2,"00000"),3)&"#4",Promotoren!$F$1:$F$1000,0))&"","")) | K2: =IF($C2="","",IFERROR(INDEX(Promotoren!$C$1:$C$1000,MATCH(LEFT(TEXT($C2,"00000"),3)&"#4",Promotoren!$F$1:$F$1000,0))&"","")) | L2: =IF($C2="","",IFERROR(INDEX(Promotoren!$B$1:$B$1000,MATCH(LEFT(TEXT($C2,"00000"),3)&"#5",Promotoren!$F$1:$F$1000,0))&"","")) | M2: =IF($C2="","",IFERROR(INDEX(Promotoren!$C$1:$C$1000,MATCH(LEFT(TEXT($C2,"00000"),3)&"#5",Promotoren!$F$1:$F$1000,0))&"","")) | N2: =IF($C2="","",IFERROR(INDEX(Promotoren!$B$1:$B$1000,MATCH(LEFT(TEXT($C2,"00000"),3)&"#6",Promotoren!$F$1:$F$1000,0))&"","")) | O2: =IF($C2="","",IFERROR(INDEX(Promotoren!$C$1:$C$1000,MATCH(LEFT(TEXT($C2,"00000"),3)&"#6",Promotoren!$F$1:$F$1000,0))&"",""))
A3: K-1002 | B3: Beispiel Antriebe AG | C3: 45127 | D3: =IF($C3="","",IFERROR(INDEX(Promotoren!$B$1:$B$1000,MATCH(LEFT(TEXT($C3,"00000"),3)&"#1",Promotoren!$F$1:$F$1000,0))&"","")) -> Eva Ost | E3: =IF($C3="","",IFERROR(INDEX(Promotoren!$C$1:$C$1000,MATCH(LEFT(TEXT($C3,"00000"),3)&"#1",Promotoren!$F$1:$F$1000,0))&"","")) -> TPE Software | F3: =IF($C3="","",IFERROR(INDEX(Promotoren!$B$1:$B$1000,MATCH(LEFT(TEXT($C3,"00000"),3)&"#2",Promotoren!$F$1:$F$1000,0))&"","")) -> Jan Nord | G3: =IF($C3="","",IFERROR(INDEX(Promotoren!$C$1:$C$1000,MATCH(LEFT(TEXT($C3,"00000"),3)&"#2",Promotoren!$F$1:$F$1000,0))&"","")) -> TPE Automatisierung | H3: =IF($C3="","",IFERROR(INDEX(Promotoren!$B$1:$B$1000,MATCH(LEFT(TEXT($C3,"00000"),3)&"#3",Promotoren!$F$1:$F$1000,0))&"","")) | I3: =IF($C3="","",IFERROR(INDEX(Promotoren!$C$1:$C$1000,MATCH(LEFT(TEXT($C3,"00000"),3)&"#3",Promotoren!$F$1:$F$1000,0))&"","")) | J3: =IF($C3="","",IFERROR(INDEX(Promotoren!$B$1:$B$1000,MATCH(LEFT(TEXT($C3,"00000"),3)&"#4",Promotoren!$F$1:$F$1000,0))&"","")) | K3: =IF($C3="","",IFERROR(INDEX(Promotoren!$C$1:$C$1000,MATCH(LEFT(TEXT($C3,"00000"),3)&"#4",Promotoren!$F$1:$F$1000,0))&"","")) | L3: =IF($C3="","",IFERROR(INDEX(Promotoren!$B$1:$B$1000,MATCH(LEFT(TEXT($C3,"00000"),3)&"#5",Promotoren!$F$1:$F$1000,0))&"","")) | M3: =IF($C3="","",IFERROR(INDEX(Promotoren!$C$1:$C$1000,MATCH(LEFT(TEXT($C3,"00000"),3)&"#5",Promotoren!$F$1:$F$1000,0))&"","")) | N3: =IF($C3="","",IFERROR(INDEX(Promotoren!$B$1:$B$1000,MATCH(LEFT(TEXT($C3,"00000"),3)&"#6",Promotoren!$F$1:$F$1000,0))&"","")) | O3: =IF($C3="","",IFERROR(INDEX(Promotoren!$C$1:$C$1000,MATCH(LEFT(TEXT($C3,"00000"),3)&"#6",Promotoren!$F$1:$F$1000,0))&"",""))
D4: =IF($C4="","",IFERROR(INDEX(Promotoren!$B$1:$B$1000,MATCH(LEFT(TEXT($C4,"00000"),3)&"#1",Promotoren!$F$1:$F$1000,0))&"","")) | E4: =IF($C4="","",IFERROR(INDEX(Promotoren!$C$1:$C$1000,MATCH(LEFT(TEXT($C4,"00000"),3)&"#1",Promotoren!$F$1:$F$1000,0))&"","")) | F4: =IF($C4="","",IFERROR(INDEX(Promotoren!$B$1:$B$1000,MATCH(LEFT(TEXT($C4,"00000"),3)&"#2",Promotoren!$F$1:$F$1000,0))&"","")) | G4: =IF($C4="","",IFERROR(INDEX(Promotoren!$C$1:$C$1000,MATCH(LEFT(TEXT($C4,"00000"),3)&"#2",Promotoren!$F$1:$F$1000,0))&"","")) | H4: =IF($C4="","",IFERROR(INDEX(Promotoren!$B$1:$B$1000,MATCH(LEFT(TEXT($C4,"00000"),3)&"#3",Promotoren!$F$1:$F$1000,0))&"","")) | I4: =IF($C4="","",IFERROR(INDEX(Promotoren!$C$1:$C$1000,MATCH(LEFT(TEXT($C4,"00000"),3)&"#3",Promotoren!$F$1:$F$1000,0))&"","")) | J4: =IF($C4="","",IFERROR(INDEX(Promotoren!$B$1:$B$1000,MATCH(LEFT(TEXT($C4,"00000"),3)&"#4",Promotoren!$F$1:$F$1000,0))&"","")) | K4: =IF($C4="","",IFERROR(INDEX(Promotoren!$C$1:$C$1000,MATCH(LEFT(TEXT($C4,"00000"),3)&"#4",Promotoren!$F$1:$F$1000,0))&"","")) | L4: =IF($C4="","",IFERROR(INDEX(Promotoren!$B$1:$B$1000,MATCH(LEFT(TEXT($C4,"00000"),3)&"#5",Promotoren!$F$1:$F$1000,0))&"","")) | M4: =IF($C4="","",IFERROR(INDEX(Promotoren!$C$1:$C$1000,MATCH(LEFT(TEXT($C4,"00000"),3)&"#5",Promotoren!$F$1:$F$1000,0))&"","")) | N4: =IF($C4="","",IFERROR(INDEX(Promotoren!$B$1:$B$1000,MATCH(LEFT(TEXT($C4,"00000"),3)&"#6",Promotoren!$F$1:$F$1000,0))&"","")) | O4: =IF($C4="","",IFERROR(INDEX(Promotoren!$C$1:$C$1000,MATCH(LEFT(TEXT($C4,"00000"),3)&"#6",Promotoren!$F$1:$F$1000,0))&"",""))
D5: =IF($C5="","",IFERROR(INDEX(Promotoren!$B$1:$B$1000,MATCH(LEFT(TEXT($C5,"00000"),3)&"#1",Promotoren!$F$1:$F$1000,0))&"","")) | E5: =IF($C5="","",IFERROR(INDEX(Promotoren!$C$1:$C$1000,MATCH(LEFT(TEXT($C5,"00000"),3)&"#1",Promotoren!$F$1:$F$1000,0))&"","")) | F5: =IF($C5="","",IFERROR(INDEX(Promotoren!$B$1:$B$1000,MATCH(LEFT(TEXT($C5,"00000"),3)&"#2",Promotoren!$F$1:$F$1000,0))&"","")) | G5: =IF($C5="","",IFERROR(INDEX(Promotoren!$C$1:$C$1000,MATCH(LEFT(TEXT($C5,"00000"),3)&"#2",Promotoren!$F$1:$F$1000,0))&"","")) | H5: =IF($C5="","",IFERROR(INDEX(Promotoren!$B$1:$B$1000,MATCH(LEFT(TEXT($C5,"00000"),3)&"#3",Promotoren!$F$1:$F$1000,0))&"","")) | I5: =IF($C5="","",IFERROR(INDEX(Promotoren!$C$1:$C$1000,MATCH(LEFT(TEXT($C5,"00000"),3)&"#3",Promotoren!$F$1:$F$1000,0))&"","")) | J5: =IF($C5="","",IFERROR(INDEX(Promotoren!$B$1:$B$1000,MATCH(LEFT(TEXT($C5,"00000"),3)&"#4",Promotoren!$F$1:$F$1000,0))&"","")) | K5: =IF($C5="","",IFERROR(INDEX(Promotoren!$C$1:$C$1000,MATCH(LEFT(TEXT($C5,"00000"),3)&"#4",Promotoren!$F$1:$F$1000,0))&"","")) | L5: =IF($C5="","",IFERROR(INDEX(Promotoren!$B$1:$B$1000,MATCH(LEFT(TEXT($C5,"00000"),3)&"#5",Promotoren!$F$1:$F$1000,0))&"","")) | M5: =IF($C5="","",IFERROR(INDEX(Promotoren!$C$1:$C$1000,MATCH(LEFT(TEXT($C5,"00000"),3)&"#5",Promotoren!$F$1:$F$1000,0))&"","")) | N5: =IF($C5="","",IFERROR(INDEX(Promotoren!$B$1:$B$1000,MATCH(LEFT(TEXT($C5,"00000"),3)&"#6",Promotoren!$F$1:$F$1000,0))&"","")) | O5: =IF($C5="","",IFERROR(INDEX(Promotoren!$C$1:$C$1000,MATCH(LEFT(TEXT($C5,"00000"),3)&"#6",Promotoren!$F$1:$F$1000,0))&"",""))
D6: =IF($C6="","",IFERROR(INDEX(Promotoren!$B$1:$B$1000,MATCH(LEFT(TEXT($C6,"00000"),3)&"#1",Promotoren!$F$1:$F$1000,0))&"","")) | E6: =IF($C6="","",IFERROR(INDEX(Promotoren!$C$1:$C$1000,MATCH(LEFT(TEXT($C6,"00000"),3)&"#1",Promotoren!$F$1:$F$1000,0))&"","")) | F6: =IF($C6="","",IFERROR(INDEX(Promotoren!$B$1:$B$1000,MATCH(LEFT(TEXT($C6,"00000"),3)&"#2",Promotoren!$F$1:$F$1000,0))&"","")) | G6: =IF($C6="","",IFERROR(INDEX(Promotoren!$C$1:$C$1000,MATCH(LEFT(TEXT($C6,"00000"),3)&"#2",Promotoren!$F$1:$F$1000,0))&"","")) | H6: =IF($C6="","",IFERROR(INDEX(Promotoren!$B$1:$B$1000,MATCH(LEFT(TEXT($C6,"00000"),3)&"#3",Promotoren!$F$1:$F$1000,0))&"","")) | I6: =IF($C6="","",IFERROR(INDEX(Promotoren!$C$1:$C$1000,MATCH(LEFT(TEXT($C6,"00000"),3)&"#3",Promotoren!$F$1:$F$1000,0))&"","")) | J6: =IF($C6="","",IFERROR(INDEX(Promotoren!$B$1:$B$1000,MATCH(LEFT(TEXT($C6,"00000"),3)&"#4",Promotoren!$F$1:$F$1000,0))&"","")) | K6: =IF($C6="","",IFERROR(INDEX(Promotoren!$C$1:$C$1000,MATCH(LEFT(TEXT($C6,"00000"),3)&"#4",Promotoren!$F$1:$F$1000,0))&"","")) | L6: =IF($C6="","",IFERROR(INDEX(Promotoren!$B$1:$B$1000,MATCH(LEFT(TEXT($C6,"00000"),3)&"#5",Promotoren!$F$1:$F$1000,0))&"","")) | M6: =IF($C6="","",IFERROR(INDEX(Promotoren!$C$1:$C$1000,MATCH(LEFT(TEXT($C6,"00000"),3)&"#5",Promotoren!$F$1:$F$1000,0))&"","")) | N6: =IF($C6="","",IFERROR(INDEX(Promotoren!$B$1:$B$1000,MATCH(LEFT(TEXT($C6,"00000"),3)&"#6",Promotoren!$F$1:$F$1000,0))&"","")) | O6: =IF($C6="","",IFERROR(INDEX(Promotoren!$C$1:$C$1000,MATCH(LEFT(TEXT($C6,"00000"),3)&"#6",Promotoren!$F$1:$F$1000,0))&"",""))
D7: =IF($C7="","",IFERROR(INDEX(Promotoren!$B$1:$B$1000,MATCH(LEFT(TEXT($C7,"00000"),3)&"#1",Promotoren!$F$1:$F$1000,0))&"","")) | E7: =IF($C7="","",IFERROR(INDEX(Promotoren!$C$1:$C$1000,MATCH(LEFT(TEXT($C7,"00000"),3)&"#1",Promotoren!$F$1:$F$1000,0))&"","")) | F7: =IF($C7="","",IFERROR(INDEX(Promotoren!$B$1:$B$1000,MATCH(LEFT(TEXT($C7,"00000"),3)&"#2",Promotoren!$F$1:$F$1000,0))&"","")) | G7: =IF($C7="","",IFERROR(INDEX(Promotoren!$C$1:$C$1000,MATCH(LEFT(TEXT($C7,"00000"),3)&"#2",Promotoren!$F$1:$F$1000,0))&"","")) | H7: =IF($C7="","",IFERROR(INDEX(Promotoren!$B$1:$B$1000,MATCH(LEFT(TEXT($C7,"00000"),3)&"#3",Promotoren!$F$1:$F$1000,0))&"","")) | I7: =IF($C7="","",IFERROR(INDEX(Promotoren!$C$1:$C$1000,MATCH(LEFT(TEXT($C7,"00000"),3)&"#3",Promotoren!$F$1:$F$1000,0))&"","")) | J7: =IF($C7="","",IFERROR(INDEX(Promotoren!$B$1:$B$1000,MATCH(LEFT(TEXT($C7,"00000"),3)&"#4",Promotoren!$F$1:$F$1000,0))&"","")) | K7: =IF($C7="","",IFERROR(INDEX(Promotoren!$C$1:$C$1000,MATCH(LEFT(TEXT($C7,"00000"),3)&"#4",Promotoren!$F$1:$F$1000,0))&"","")) | L7: =IF($C7="","",IFERROR(INDEX(Promotoren!$B$1:$B$1000,MATCH(LEFT(TEXT($C7,"00000"),3)&"#5",Promotoren!$F$1:$F$1000,0))&"","")) | M7: =IF($C7="","",IFERROR(INDEX(Promotoren!$C$1:$C$1000,MATCH(LEFT(TEXT($C7,"00000"),3)&"#5",Promotoren!$F$1:$F$1000,0))&"","")) | N7: =IF($C7="","",IFERROR(INDEX(Promotoren!$B$1:$B$1000,MATCH(LEFT(TEXT($C7,"00000"),3)&"#6",Promotoren!$F$1:$F$1000,0))&"","")) | O7: =IF($C7="","",IFERROR(INDEX(Promotoren!$C$1:$C$1000,MATCH(LEFT(TEXT($C7,"00000"),3)&"#6",Promotoren!$F$1:$F$1000,0))&"",""))
D8: =IF($C8="","",IFERROR(INDEX(Promotoren!$B$1:$B$1000,MATCH(LEFT(TEXT($C8,"00000"),3)&"#1",Promotoren!$F$1:$F$1000,0))&"","")) | E8: =IF($C8="","",IFERROR(INDEX(Promotoren!$C$1:$C$1000,MATCH(LEFT(TEXT($C8,"00000"),3)&"#1",Promotoren!$F$1:$F$1000,0))&"","")) | F8: =IF($C8="","",IFERROR(INDEX(Promotoren!$B$1:$B$1000,MATCH(LEFT(TEXT($C8,"00000"),3)&"#2",Promotoren!$F$1:$F$1000,0))&"","")) | G8: =IF($C8="","",IFERROR(INDEX(Promotoren!$C$1:$C$1000,MATCH(LEFT(TEXT($C8,"00000"),3)&"#2",Promotoren!$F$1:$F$1000,0))&"","")) | H8: =IF($C8="","",IFERROR(INDEX(Promotoren!$B$1:$B$1000,MATCH(LEFT(TEXT($C8,"00000"),3)&"#3",Promotoren!$F$1:$F$1000,0))&"","")) | I8: =IF($C8="","",IFERROR(INDEX(Promotoren!$C$1:$C$1000,MATCH(LEFT(TEXT($C8,"00000"),3)&"#3",Promotoren!$F$1:$F$1000,0))&"","")) | J8: =IF($C8="","",IFERROR(INDEX(Promotoren!$B$1:$B$1000,MATCH(LEFT(TEXT($C8,"00000"),3)&"#4",Promotoren!$F$1:$F$1000,0))&"","")) | K8: =IF($C8="","",IFERROR(INDEX(Promotoren!$C$1:$C$1000,MATCH(LEFT(TEXT($C8,"00000"),3)&"#4",Promotoren!$F$1:$F$1000,0))&"","")) | L8: =IF($C8="","",IFERROR(INDEX(Promotoren!$B$1:$B$1000,MATCH(LEFT(TEXT($C8,"00000"),3)&"#5",Promotoren!$F$1:$F$1000,0))&"","")) | M8: =IF($C8="","",IFERROR(INDEX(Promotoren!$C$1:$C$1000,MATCH(LEFT(TEXT($C8,"00000"),3)&"#5",Promotoren!$F$1:$F$1000,0))&"","")) | N8: =IF($C8="","",IFERROR(INDEX(Promotoren!$B$1:$B$1000,MATCH(LEFT(TEXT($C8,"00000"),3)&"#6",Promotoren!$F$1:$F$1000,0))&"","")) | O8: =IF($C8="","",IFERROR(INDEX(Promotoren!$C$1:$C$1000,MATCH(LEFT(TEXT($C8,"00000"),3)&"#6",Promotoren!$F$1:$F$1000,0))&"",""))
D9: =IF($C9="","",IFERROR(INDEX(Promotoren!$B$1:$B$1000,MATCH(LEFT(TEXT($C9,"00000"),3)&"#1",Promotoren!$F$1:$F$1000,0))&"","")) | E9: =IF($C9="","",IFERROR(INDEX(Promotoren!$C$1:$C$1000,MATCH(LEFT(TEXT($C9,"00000"),3)&"#1",Promotoren!$F$1:$F$1000,0))&"","")) | F9: =IF($C9="","",IFERROR(INDEX(Promotoren!$B$1:$B$1000,MATCH(LEFT(TEXT($C9,"00000"),3)&"#2",Promotoren!$F$1:$F$1000,0))&"","")) | G9: =IF($C9="","",IFERROR(INDEX(Promotoren!$C$1:$C$1000,MATCH(LEFT(TEXT($C9,"00000"),3)&"#2",Promotoren!$F$1:$F$1000,0))&"","")) | H9: =IF($C9="","",IFERROR(INDEX(Promotoren!$B$1:$B$1000,MATCH(LEFT(TEXT($C9,"00000"),3)&"#3",Promotoren!$F$1:$F$1000,0))&"","")) | I9: =IF($C9="","",IFERROR(INDEX(Promotoren!$C$1:$C$1000,MATCH(LEFT(TEXT($C9,"00000"),3)&"#3",Promotoren!$F$1:$F$1000,0))&"","")) | J9: =IF($C9="","",IFERROR(INDEX(Promotoren!$B$1:$B$1000,MATCH(LEFT(TEXT($C9,"00000"),3)&"#4",Promotoren!$F$1:$F$1000,0))&"","")) | K9: =IF($C9="","",IFERROR(INDEX(Promotoren!$C$1:$C$1000,MATCH(LEFT(TEXT($C9,"00000"),3)&"#4",Promotoren!$F$1:$F$1000,0))&"","")) | L9: =IF($C9="","",IFERROR(INDEX(Promotoren!$B$1:$B$1000,MATCH(LEFT(TEXT($C9,"00000"),3)&"#5",Promotoren!$F$1:$F$1000,0))&"","")) | M9: =IF($C9="","",IFERROR(INDEX(Promotoren!$C$1:$C$1000,MATCH(LEFT(TEXT($C9,"00000"),3)&"#5",Promotoren!$F$1:$F$1000,0))&"","")) | N9: =IF($C9="","",IFERROR(INDEX(Promotoren!$B$1:$B$1000,MATCH(LEFT(TEXT($C9,"00000"),3)&"#6",Promotoren!$F$1:$F$1000,0))&"","")) | O9: =IF($C9="","",IFERROR(INDEX(Promotoren!$C$1:$C$1000,MATCH(LEFT(TEXT($C9,"00000"),3)&"#6",Promotoren!$F$1:$F$1000,0))&"",""))
D10: =IF($C10="","",IFERROR(INDEX(Promotoren!$B$1:$B$1000,MATCH(LEFT(TEXT($C10,"00000"),3)&"#1",Promotoren!$F$1:$F$1000,0))&"","")) | E10: =IF($C10="","",IFERROR(INDEX(Promotoren!$C$1:$C$1000,MATCH(LEFT(TEXT($C10,"00000"),3)&"#1",Promotoren!$F$1:$F$1000,0))&"","")) | F10: =IF($C10="","",IFERROR(INDEX(Promotoren!$B$1:$B$1000,MATCH(LEFT(TEXT($C10,"00000"),3)&"#2",Promotoren!$F$1:$F$1000,0))&"","")) | G10: =IF($C10="","",IFERROR(INDEX(Promotoren!$C$1:$C$1000,MATCH(LEFT(TEXT($C10,"00000"),3)&"#2",Promotoren!$F$1:$F$1000,0))&"","")) | H10: =IF($C10="","",IFERROR(INDEX(Promotoren!$B$1:$B$1000,MATCH(LEFT(TEXT($C10,"00000"),3)&"#3",Promotoren!$F$1:$F$1000,0))&"","")) | I10: =IF($C10="","",IFERROR(INDEX(Promotoren!$C$1:$C$1000,MATCH(LEFT(TEXT($C10,"00000"),3)&"#3",Promotoren!$F$1:$F$1000,0))&"","")) | J10: =IF($C10="","",IFERROR(INDEX(Promotoren!$B$1:$B$1000,MATCH(LEFT(TEXT($C10,"00000"),3)&"#4",Promotoren!$F$1:$F$1000,0))&"","")) | K10: =IF($C10="","",IFERROR(INDEX(Promotoren!$C$1:$C$1000,MATCH(LEFT(TEXT($C10,"00000"),3)&"#4",Promotoren!$F$1:$F$1000,0))&"","")) | L10: =IF($C10="","",IFERROR(INDEX(Promotoren!$B$1:$B$1000,MATCH(LEFT(TEXT($C10,"00000"),3)&"#5",Promotoren!$F$1:$F$1000,0))&"","")) | M10: =IF($C10="","",IFERROR(INDEX(Promotoren!$C$1:$C$1000,MATCH(LEFT(TEXT($C10,"00000"),3)&"#5",Promotoren!$F$1:$F$1000,0))&"","")) | N10: =IF($C10="","",IFERROR(INDEX(Promotoren!$B$1:$B$1000,MATCH(LEFT(TEXT($C10,"00000"),3)&"#6",Promotoren!$F$1:$F$1000,0))&"","")) | O10: =IF($C10="","",IFERROR(INDEX(Promotoren!$C$1:$C$1000,MATCH(LEFT(TEXT($C10,"00000"),3)&"#6",Promotoren!$F$1:$F$1000,0))&"",""))
D11: =IF($C11="","",IFERROR(INDEX(Promotoren!$B$1:$B$1000,MATCH(LEFT(TEXT($C11,"00000"),3)&"#1",Promotoren!$F$1:$F$1000,0))&"","")) | E11: =IF($C11="","",IFERROR(INDEX(Promotoren!$C$1:$C$1000,MATCH(LEFT(TEXT($C11,"00000"),3)&"#1",Promotoren!$F$1:$F$1000,0))&"","")) | F11: =IF($C11="","",IFERROR(INDEX(Promotoren!$B$1:$B$1000,MATCH(LEFT(TEXT($C11,"00000"),3)&"#2",Promotoren!$F$1:$F$1000,0))&"","")) | G11: =IF($C11="","",IFERROR(INDEX(Promotoren!$C$1:$C$1000,MATCH(LEFT(TEXT($C11,"00000"),3)&"#2",Promotoren!$F$1:$F$1000,0))&"","")) | H11: =IF($C11="","",IFERROR(INDEX(Promotoren!$B$1:$B$1000,MATCH(LEFT(TEXT($C11,"00000"),3)&"#3",Promotoren!$F$1:$F$1000,0))&"","")) | I11: =IF($C11="","",IFERROR(INDEX(Promotoren!$C$1:$C$1000,MATCH(LEFT(TEXT($C11,"00000"),3)&"#3",Promotoren!$F$1:$F$1000,0))&"","")) | J11: =IF($C11="","",IFERROR(INDEX(Promotoren!$B$1:$B$1000,MATCH(LEFT(TEXT($C11,"00000"),3)&"#4",Promotoren!$F$1:$F$1000,0))&"","")) | K11: =IF($C11="","",IFERROR(INDEX(Promotoren!$C$1:$C$1000,MATCH(LEFT(TEXT($C11,"00000"),3)&"#4",Promotoren!$F$1:$F$1000,0))&"","")) | L11: =IF($C11="","",IFERROR(INDEX(Promotoren!$B$1:$B$1000,MATCH(LEFT(TEXT($C11,"00000"),3)&"#5",Promotoren!$F$1:$F$1000,0))&"","")) | M11: =IF($C11="","",IFERROR(INDEX(Promotoren!$C$1:$C$1000,MATCH(LEFT(TEXT($C11,"00000"),3)&"#5",Promotoren!$F$1:$F$1000,0))&"","")) | N11: =IF($C11="","",IFERROR(INDEX(Promotoren!$B$1:$B$1000,MATCH(LEFT(TEXT($C11,"00000"),3)&"#6",Promotoren!$F$1:$F$1000,0))&"","")) | O11: =IF($C11="","",IFERROR(INDEX(Promotoren!$C$1:$C$1000,MATCH(LEFT(TEXT($C11,"00000"),3)&"#6",Promotoren!$F$1:$F$1000,0))&"",""))
D12: =IF($C12="","",IFERROR(INDEX(Promotoren!$B$1:$B$1000,MATCH(LEFT(TEXT($C12,"00000"),3)&"#1",Promotoren!$F$1:$F$1000,0))&"","")) | E12: =IF($C12="","",IFERROR(INDEX(Promotoren!$C$1:$C$1000,MATCH(LEFT(TEXT($C12,"00000"),3)&"#1",Promotoren!$F$1:$F$1000,0))&"","")) | F12: =IF($C12="","",IFERROR(INDEX(Promotoren!$B$1:$B$1000,MATCH(LEFT(TEXT($C12,"00000"),3)&"#2",Promotoren!$F$1:$F$1000,0))&"","")) | G12: =IF($C12="","",IFERROR(INDEX(Promotoren!$C$1:$C$1000,MATCH(LEFT(TEXT($C12,"00000"),3)&"#2",Promotoren!$F$1:$F$1000,0))&"","")) | H12: =IF($C12="","",IFERROR(INDEX(Promotoren!$B$1:$B$1000,MATCH(LEFT(TEXT($C12,"00000"),3)&"#3",Promotoren!$F$1:$F$1000,0))&"","")) | I12: =IF($C12="","",IFERROR(INDEX(Promotoren!$C$1:$C$1000,MATCH(LEFT(TEXT($C12,"00000"),3)&"#3",Promotoren!$F$1:$F$1000,0))&"","")) | J12: =IF($C12="","",IFERROR(INDEX(Promotoren!$B$1:$B$1000,MATCH(LEFT(TEXT($C12,"00000"),3)&"#4",Promotoren!$F$1:$F$1000,0))&"","")) | K12: =IF($C12="","",IFERROR(INDEX(Promotoren!$C$1:$C$1000,MATCH(LEFT(TEXT($C12,"00000"),3)&"#4",Promotoren!$F$1:$F$1000,0))&"","")) | L12: =IF($C12="","",IFERROR(INDEX(Promotoren!$B$1:$B$1000,MATCH(LEFT(TEXT($C12,"00000"),3)&"#5",Promotoren!$F$1:$F$1000,0))&"","")) | M12: =IF($C12="","",IFERROR(INDEX(Promotoren!$C$1:$C$1000,MATCH(LEFT(TEXT($C12,"00000"),3)&"#5",Promotoren!$F$1:$F$1000,0))&"","")) | N12: =IF($C12="","",IFERROR(INDEX(Promotoren!$B$1:$B$1000,MATCH(LEFT(TEXT($C12,"00000"),3)&"#6",Promotoren!$F$1:$F$1000,0))&"","")) | O12: =IF($C12="","",IFERROR(INDEX(Promotoren!$C$1:$C$1000,MATCH(LEFT(TEXT($C12,"00000"),3)&"#6",Promotoren!$F$1:$F$1000,0))&"",""))
D13: =IF($C13="","",IFERROR(INDEX(Promotoren!$B$1:$B$1000,MATCH(LEFT(TEXT($C13,"00000"),3)&"#1",Promotoren!$F$1:$F$1000,0))&"","")) | E13: =IF($C13="","",IFERROR(INDEX(Promotoren!$C$1:$C$1000,MATCH(LEFT(TEXT($C13,"00000"),3)&"#1",Promotoren!$F$1:$F$1000,0))&"","")) | F13: =IF($C13="","",IFERROR(INDEX(Promotoren!$B$1:$B$1000,MATCH(LEFT(TEXT($C13,"00000"),3)&"#2",Promotoren!$F$1:$F$1000,0))&"","")) | G13: =IF($C13="","",IFERROR(INDEX(Promotoren!$C$1:$C$1000,MATCH(LEFT(TEXT($C13,"00000"),3)&"#2",Promotoren!$F$1:$F$1000,0))&"","")) | H13: =IF($C13="","",IFERROR(INDEX(Promotoren!$B$1:$B$1000,MATCH(LEFT(TEXT($C13,"00000"),3)&"#3",Promotoren!$F$1:$F$1000,0))&"","")) | I13: =IF($C13="","",IFERROR(INDEX(Promotoren!$C$1:$C$1000,MATCH(LEFT(TEXT($C13,"00000"),3)&"#3",Promotoren!$F$1:$F$1000,0))&"","")) | J13: =IF($C13="","",IFERROR(INDEX(Promotoren!$B$1:$B$1000,MATCH(LEFT(TEXT($C13,"00000"),3)&"#4",Promotoren!$F$1:$F$1000,0))&"","")) | K13: =IF($C13="","",IFERROR(INDEX(Promotoren!$C$1:$C$1000,MATCH(LEFT(TEXT($C13,"00000"),3)&"#4",Promotoren!$F$1:$F$1000,0))&"","")) | L13: =IF($C13="","",IFERROR(INDEX(Promotoren!$B$1:$B$1000,MATCH(LEFT(TEXT($C13,"00000"),3)&"#5",Promotoren!$F$1:$F$1000,0))&"","")) | M13: =IF($C13="","",IFERROR(INDEX(Promotoren!$C$1:$C$1000,MATCH(LEFT(TEXT($C13,"00000"),3)&"#5",Promotoren!$F$1:$F$1000,0))&"","")) | N13: =IF($C13="","",IFERROR(INDEX(Promotoren!$B$1:$B$1000,MATCH(LEFT(TEXT($C13,"00000"),3)&"#6",Promotoren!$F$1:$F$1000,0))&"","")) | O13: =IF($C13="","",IFERROR(INDEX(Promotoren!$C$1:$C$1000,MATCH(LEFT(TEXT($C13,"00000"),3)&"#6",Promotoren!$F$1:$F$1000,0))&"",""))
D14: =IF($C14="","",IFERROR(INDEX(Promotoren!$B$1:$B$1000,MATCH(LEFT(TEXT($C14,"00000"),3)&"#1",Promotoren!$F$1:$F$1000,0))&"","")) | E14: =IF($C14="","",IFERROR(INDEX(Promotoren!$C$1:$C$1000,MATCH(LEFT(TEXT($C14,"00000"),3)&"#1",Promotoren!$F$1:$F$1000,0))&"","")) | F14: =IF($C14="","",IFERROR(INDEX(Promotoren!$B$1:$B$1000,MATCH(LEFT(TEXT($C14,"00000"),3)&"#2",Promotoren!$F$1:$F$1000,0))&"","")) | G14: =IF($C14="","",IFERROR(INDEX(Promotoren!$C$1:$C$1000,MATCH(LEFT(TEXT($C14,"00000"),3)&"#2",Promotoren!$F$1:$F$1000,0))&"","")) | H14: =IF($C14="","",IFERROR(INDEX(Promotoren!$B$1:$B$1000,MATCH(LEFT(TEXT($C14,"00000"),3)&"#3",Promotoren!$F$1:$F$1000,0))&"","")) | I14: =IF($C14="","",IFERROR(INDEX(Promotoren!$C$1:$C$1000,MATCH(LEFT(TEXT($C14,"00000"),3)&"#3",Promotoren!$F$1:$F$1000,0))&"","")) | J14: =IF($C14="","",IFERROR(INDEX(Promotoren!$B$1:$B$1000,MATCH(LEFT(TEXT($C14,"00000"),3)&"#4",Promotoren!$F$1:$F$1000,0))&"","")) | K14: =IF($C14="","",IFERROR(INDEX(Promotoren!$C$1:$C$1000,MATCH(LEFT(TEXT($C14,"00000"),3)&"#4",Promotoren!$F$1:$F$1000,0))&"","")) | L14: =IF($C14="","",IFERROR(INDEX(Promotoren!$B$1:$B$1000,MATCH(LEFT(TEXT($C14,"00000"),3)&"#5",Promotoren!$F$1:$F$1000,0))&"","")) | M14: =IF($C14="","",IFERROR(INDEX(Promotoren!$C$1:$C$1000,MATCH(LEFT(TEXT($C14,"00000"),3)&"#5",Promotoren!$F$1:$F$1000,0))&"","")) | N14: =IF($C14="","",IFERROR(INDEX(Promotoren!$B$1:$B$1000,MATCH(LEFT(TEXT($C14,"00000"),3)&"#6",Promotoren!$F$1:$F$1000,0))&"","")) | O14: =IF($C14="","",IFERROR(INDEX(Promotoren!$C$1:$C$1000,MATCH(LEFT(TEXT($C14,"00000"),3)&"#6",Promotoren!$F$1:$F$1000,0))&"",""))
D15: =IF($C15="","",IFERROR(INDEX(Promotoren!$B$1:$B$1000,MATCH(LEFT(TEXT($C15,"00000"),3)&"#1",Promotoren!$F$1:$F$1000,0))&"","")) | E15: =IF($C15="","",IFERROR(INDEX(Promotoren!$C$1:$C$1000,MATCH(LEFT(TEXT($C15,"00000"),3)&"#1",Promotoren!$F$1:$F$1000,0))&"","")) | F15: =IF($C15="","",IFERROR(INDEX(Promotoren!$B$1:$B$1000,MATCH(LEFT(TEXT($C15,"00000"),3)&"#2",Promotoren!$F$1:$F$1000,0))&"","")) | G15: =IF($C15="","",IFERROR(INDEX(Promotoren!$C$1:$C$1000,MATCH(LEFT(TEXT($C15,"00000"),3)&"#2",Promotoren!$F$1:$F$1000,0))&"","")) | H15: =IF($C15="","",IFERROR(INDEX(Promotoren!$B$1:$B$1000,MATCH(LEFT(TEXT($C15,"00000"),3)&"#3",Promotoren!$F$1:$F$1000,0))&"","")) | I15: =IF($C15="","",IFERROR(INDEX(Promotoren!$C$1:$C$1000,MATCH(LEFT(TEXT($C15,"00000"),3)&"#3",Promotoren!$F$1:$F$1000,0))&"","")) | J15: =IF($C15="","",IFERROR(INDEX(Promotoren!$B$1:$B$1000,MATCH(LEFT(TEXT($C15,"00000"),3)&"#4",Promotoren!$F$1:$F$1000,0))&"","")) | K15: =IF($C15="","",IFERROR(INDEX(Promotoren!$C$1:$C$1000,MATCH(LEFT(TEXT($C15,"00000"),3)&"#4",Promotoren!$F$1:$F$1000,0))&"","")) | L15: =IF($C15="","",IFERROR(INDEX(Promotoren!$B$1:$B$1000,MATCH(LEFT(TEXT($C15,"00000"),3)&"#5",Promotoren!$F$1:$F$1000,0))&"","")) | M15: =IF($C15="","",IFERROR(INDEX(Promotoren!$C$1:$C$1000,MATCH(LEFT(TEXT($C15,"00000"),3)&"#5",Promotoren!$F$1:$F$1000,0))&"","")) | N15: =IF($C15="","",IFERROR(INDEX(Promotoren!$B$1:$B$1000,MATCH(LEFT(TEXT($C15,"00000"),3)&"#6",Promotoren!$F$1:$F$1000,0))&"","")) | O15: =IF($C15="","",IFERROR(INDEX(Promotoren!$C$1:$C$1000,MATCH(LEFT(TEXT($C15,"00000"),3)&"#6",Promotoren!$F$1:$F$1000,0))&"",""))
... D1001: =IF($C1001="","",IFERROR(INDEX(Promotoren!$B$1:$B$1000,MATCH(LEFT(TEXT($C1001,"00000"),3)&"#1",Promotoren!$F$1:$F$1000,0))&"","")) | E1001: =IF($C1001="","",IFERROR(INDEX(Promotoren!$C$1:$C$1000,MATCH(LEFT(TEXT($C1001,"00000"),3)&"#1",Promotoren!$F$1:$F$1000,0))&"","")) | F1001: =IF($C1001="","",IFERROR(INDEX(Promotoren!$B$1:$B$1000,MATCH(LEFT(TEXT($C1001,"00000"),3)&"#2",Promotoren!$F$1:$F$1000,0))&"","")) | G1001: =IF($C1001="","",IFERROR(INDEX(Promotoren!$C$1:$C$1000,MATCH(LEFT(TEXT($C1001,"00000"),3)&"#2",Promotoren!$F$1:$F$1000,0))&"","")) | H1001: =IF($C1001="","",IFERROR(INDEX(Promotoren!$B$1:$B$1000,MATCH(LEFT(TEXT($C1001,"00000"),3)&"#3",Promotoren!$F$1:$F$1000,0))&"","")) | I1001: =IF($C1001="","",IFERROR(INDEX(Promotoren!$C$1:$C$1000,MATCH(LEFT(TEXT($C1001,"00000"),3)&"#3",Promotoren!$F$1:$F$1000,0))&"","")) | J1001: =IF($C1001="","",IFERROR(INDEX(Promotoren!$B$1:$B$1000,MATCH(LEFT(TEXT($C1001,"00000"),3)&"#4",Promotoren!$F$1:$F$1000,0))&"","")) | K1001: =IF($C1001="","",IFERROR(INDEX(Promotoren!$C$1:$C$1000,MATCH(LEFT(TEXT($C1001,"00000"),3)&"#4",Promotoren!$F$1:$F$1000,0))&"","")) | L1001: =IF($C1001="","",IFERROR(INDEX(Promotoren!$B$1:$B$1000,MATCH(LEFT(TEXT($C1001,"00000"),3)&"#5",Promotoren!$F$1:$F$1000,0))&"","")) | M1001: =IF($C1001="","",IFERROR(INDEX(Promotoren!$C$1:$C$1000,MATCH(LEFT(TEXT($C1001,"00000"),3)&"#5",Promotoren!$F$1:$F$1000,0))&"","")) | N1001: =IF($C1001="","",IFERROR(INDEX(Promotoren!$B$1:$B$1000,MATCH(LEFT(TEXT($C1001,"00000"),3)&"#6",Promotoren!$F$1:$F$1000,0))&"","")) | O1001: =IF($C1001="","",IFERROR(INDEX(Promotoren!$C$1:$C$1000,MATCH(LEFT(TEXT($C1001,"00000"),3)&"#6",Promotoren!$F$1:$F$1000,0))&"",""))

Sheet Promotoren
A1: PLZ-3 | B1: Promotor | C1: TPE-Thema | D1: Bemerkung (optional) | E1: PLZ-3 (automatisch) | F1: Schlüssel (automatisch)
A2: 470 | B2: Eva Ost | C2: TPE Antriebe | D2: Beispiel – überschreiben oder löschen | E2: =IF(A2="","",TEXT(A2,"000")) -> 470 | F2: =IF(E2="","",E2&"#"&COUNTIF($E$2:E2,E2)) -> 470#1
A3: 470 | B3: Jan Nord | C3: TPE Automatisierung | D3: Beispiel | E3: =IF(A3="","",TEXT(A3,"000")) -> 470 | F3: =IF(E3="","",E3&"#"&COUNTIF($E$2:E3,E3)) -> 470#2
A4: 451 | B4: Eva Ost | C4: TPE Software | D4: Beispiel | E4: =IF(A4="","",TEXT(A4,"000")) -> 451 | F4: =IF(E4="","",E4&"#"&COUNTIF($E$2:E4,E4)) -> 451#1
A5: 451 | B5: Jan Nord | C5: TPE Automatisierung | D5: Beispiel | E5: =IF(A5="","",TEXT(A5,"000")) -> 451 | F5: =IF(E5="","",E5&"#"&COUNTIF($E$2:E5,E5)) -> 451#2
E6: =IF(A6="","",TEXT(A6,"000")) | F6: =IF(E6="","",E6&"#"&COUNTIF($E$2:E6,E6))
E7: =IF(A7="","",TEXT(A7,"000")) | F7: =IF(E7="","",E7&"#"&COUNTIF($E$2:E7,E7))
E8: =IF(A8="","",TEXT(A8,"000")) | F8: =IF(E8="","",E8&"#"&COUNTIF($E$2:E8,E8))
E9: =IF(A9="","",TEXT(A9,"000")) | F9: =IF(E9="","",E9&"#"&COUNTIF($E$2:E9,E9))
E10: =IF(A10="","",TEXT(A10,"000")) | F10: =IF(E10="","",E10&"#"&COUNTIF($E$2:E10,E10))
E11: =IF(A11="","",TEXT(A11,"000")) | F11: =IF(E11="","",E11&"#"&COUNTIF($E$2:E11,E11))
E12: =IF(A12="","",TEXT(A12,"000")) | F12: =IF(E12="","",E12&"#"&COUNTIF($E$2:E12,E12))
E13: =IF(A13="","",TEXT(A13,"000")) | F13: =IF(E13="","",E13&"#"&COUNTIF($E$2:E13,E13))
E14: =IF(A14="","",TEXT(A14,"000")) | F14: =IF(E14="","",E14&"#"&COUNTIF($E$2:E14,E14))
E15: =IF(A15="","",TEXT(A15,"000")) | F15: =IF(E15="","",E15&"#"&COUNTIF($E$2:E15,E15))
E16: =IF(A16="","",TEXT(A16,"000")) | F16: =IF(E16="","",E16&"#"&COUNTIF($E$2:E16,E16))
E17: =IF(A17="","",TEXT(A17,"000")) | F17: =IF(E17="","",E17&"#"&COUNTIF($E$2:E17,E17))
... E1000: =IF(A1000="","",TEXT(A1000,"000")) | F1000: =IF(E1000="","",E1000&"#"&COUNTIF($E$2:E1000,E1000))

Sheet Anleitung
B1: TourFuchs – Promotoren je Kunde (Vorlage)
B3: Wer liefert was?
A4: 1 | B4: Promotion-Kollegen: Blatt „Promotoren" ausfüllen – eine Zeile je PLZ-3-Gebiet, Promotor und TPE-Thema.
B5: Mehrere Promotoren oder mehrere TPE-Themen je PLZ-Gebiet = mehrere Zeilen mit derselben PLZ-3.
A6: 2 | B6: Vertrieb/Datenpflege: Blatt „Import TourFuchs" Spalten A–C (Kd-Nr., Kundenname, PLZ) aus dem Kundenstamm einfügen.
B7: Die Spalten „Promotor 1 … 6" und „Promotor 1 … 6 TPE-Thema" füllen sich automatisch aus dem Blatt „Promotoren".
A8: 3 | B8: Datei speichern und in TourFuchs importieren (Daten → Daten laden). Der Abgleich ergänzt die Promotoren im Bestand.
B10: Regeln
A11: • | B11: Gelb = hier eintragen. Blau hinterlegt = Formel, nicht von Hand ändern. Graue Kursivzeilen sind Beispiele: überschreiben oder löschen.
A12: • | B12: PLZ und PLZ-3 als Text eingeben, damit führende Nullen bleiben (01067 → 010).
A13: • | B13: Namen immer gleich schreiben („Eva Ost", nicht mal „E. Ost") – danach filtert TourFuchs.
A14: • | B14: Telefon und E-Mail werden derzeit nicht übernommen.
A15: • | B15: Mehr als 6 Promotoren je Kunde? Weitere Spaltenpaare „Promotor 7" / „Promotor 7 TPE-Thema" anhängen: Formeln aus Spalte N/O kopieren und darin „#6" durch „#7" ersetzen.
A16: • | B16: Formeln sind für 1.000 Kunden und 1.000 Zeilen im Blatt „Promotoren" vorbereitet. Für mehr Kunden die letzte Zeile im Blatt „Import TourFuchs" nach unten ziehen.
A17: • | B17: Das Blatt „Import TourFuchs" muss das erste Blatt der Datei bleiben – TourFuchs liest das erste Blatt mit Daten.
B19: Was TourFuchs daraus macht
A20: • | B20: Kundenkachel: Knopf „📣 Promotoren (n)" mit Name und TPE-Thema je Promotor.
A21: • | B21: Filter (Desktop: Filter → „+ Ebene hinzufügen"): „Promotor" = nur die eigenen Kunden, auch beim Tourplanen; „Promotor-Thema" = alle Kunden zu einem TPE-Thema.
A22: • | B22: Ein späterer Import dieser Liste ersetzt die bisherigen Promotoren aus diesen Spalten (gewechselter Promotor verschwindet).
A23: • | B23: Kundendaten bleiben lokal im Browser – TourFuchs lädt nichts hoch.
